{
    "depth_format": "Z16",
    "depth_scale": 1000.0,
    "fps": 60.0,
    "height": 1440,
    "intrinsic_matrix": [
        1454.5311,
        0.0,
        0.0,
        0.0,
        1454.5311,
        0.0,
        941.04724,
        732.42175,
        1.0
    ],
    "width": 1920
}